交易时间,交易类型,交易对方,商品,收/支,金额(元),支付方式,当前状态,交易单号,商户单号,备注
2024/4/1 21:45,其他,打开拼多多，领更多现金红包,/,收入,￥0.01,/,已到账,"160901219824040110102004426099807766112131804	","1200129707174240401010104041608385913951	",打开拼多多，领更多现金红包
2024/4/1 21:45,其他,打开拼多多，领更多现金红包,/,收入,￥0.01,/,已到账,"126667480124040110112004346522798386112131306	","1200010502144240401010004034508317928954	",打开拼多多，领更多现金红包
2024/4/1 6:42,其他,打开拼多多，领更多现金红包,/,收入,￥0.11,/,已到账,"160876236724040110102004425994324501112131549	","1200129470324240401010004031907999560021	",打开拼多多，领更多现金红包
2024/3/31 20:51,转账,素乌,转账备注:微信转账,支出,￥2.00,零钱通,对方已收钱,"53010000298082202403313232399741	","1000050001202403310524855817325	",/
2024/3/31 8:52,其他,打开拼多多，领更多现金红包,/,收入,￥0.08,/,已到账,"160876228124033110103004415166845467112131965	","1200129470293240331010103037207719247094	",打开拼多多，领更多现金红包
2024/3/30 0:18,其他,打开拼多多，领更多现金红包,/,收入,￥0.04,/,已到账,"160871516524033010102004125977656665112131135	","1200129426281240330010103052807142352919	",打开拼多多，领更多现金红包
2024/3/29 6:29,其他,打开拼多多，领更多现金红包,/,收入,￥0.08,/,已到账,"160901216924032910101004318450012423112131908	","1200129707125240329010303024606746775959	",打开拼多多，领更多现金红包
2024/3/28 6:24,其他,打开拼多多，领更多现金红包,/,收入,￥0.04,/,已到账,"152206076124032810102004425963758738112131185	","1200103427148240328010503027206231114119	",打开拼多多，领更多现金红包
2024/3/27 18:13,商户消费,小米商城,小米-5240327323011290,支出,￥9.99,零钱通,支付成功,"4200002224202403271901184391	","13Q321711534404899221911	",/
2024/3/27 6:35,其他,打开拼多多，领更多现金红包,/,收入,￥0.02,/,已到账,"160893851224032710109004135913109675112131983	","1200129637517240327010003035305843248397	",打开拼多多，领更多现金红包
2024/3/27 6:29,转入零钱通-来自零钱,/,/,/,￥0.11,零钱,支付成功,"4200002162202403277413182629	","18000077742403270025736767780131	",/
2024/3/26 0:21,其他,打开拼多多，领更多现金红包,/,收入,￥0.02,/,已到账,"160901219824032610101004618025316596112131804	","1200129707174240326010503086005343167317	",打开拼多多，领更多现金红包
2024/3/25 6:48,其他,打开拼多多，领更多现金红包,/,收入,￥0.09,/,已到账,"126667480124032510111004236537171133112131306	","1200010502144240325010103089005053632929	",打开拼多多，领更多现金红包
2024/3/24 16:57,商户消费,湘行一卡通,公交卡充值5.00元,支出,￥5.00,零钱通,支付成功,"4200002177202403242641040105	","R202403241657276339987826962	",/
2024/3/24 13:55,转入零钱通-来自零钱,/,/,/,￥0.21,零钱,支付成功,"4200002167202403246177562440	","18000077742403240025718857659131	",/
2024/3/24 12:06,其他,打开拼多多，领更多现金红包,/,收入,￥0.04,/,已到账,"160876240224032410111004536132396149112131138	","1200129470344240324010103011704744294397	",打开拼多多，领更多现金红包
2024/3/23 0:16,其他,打开拼多多，领更多现金红包,/,收入,￥0.04,/,已到账,"160893854324032310103004116363639009112131892	","1200129637529240323010203001404161755128	",打开拼多多，领更多现金红包
2024/3/22 7:16,其他,打开拼多多，领更多现金红包,/,收入,￥0.04,/,已到账,"160901216924032210106004246106561911112131908	","1200129707125240322010003080703859169952	",打开拼多多，领更多现金红包
2024/3/21 6:16,其他,打开拼多多，领更多现金红包,/,收入,￥0.09,/,已到账,"160876228124032110102004425211350130112131965	","1200129470293240321010503044703416952926	",打开拼多多，领更多现金红包
2024/3/20 6:25,转入零钱通-来自零钱,/,/,/,￥0.13,零钱,支付成功,"4200002150202403200149217487	","18000077742403200025787785941131	",/
2024/3/20 6:19,其他,打开拼多多，领更多现金红包,/,收入,￥0.09,/,已到账,"160876232124032010105004637166196408112131738	","1200129470310240320010303010902986237843	",打开拼多多，领更多现金红包
2024/3/19 22:28,其他,打开拼多多，领更多现金红包,/,收入,￥0.04,/,已到账,"132329130124031910109004435861630360112131264	","1200011594745240319010503026102919918014	",打开拼多多，领更多现金红包
2024/3/19 20:33,转账,蒋家垅,转账备注:微信转账,支出,￥6.00,零钱通,对方已收钱,"53010000421063202403192635494304	","1000050001202403190321608954450	",/
2024/3/18 21:19,转入零钱通-来自零钱,/,/,/,￥0.45,零钱,支付成功,"4200002173202403186443085556	","18000077742403180025780184101131	",/
2024/3/18 18:49,其他,打开拼多多，领更多现金红包,/,收入,￥0.02,/,已到账,"126667480124031810107004215024404864112131306	","1200010502144240318010303083902541281437	",打开拼多多，领更多现金红包
2024/3/17 13:28,其他,打开拼多多，领更多现金红包,/,收入,￥0.02,/,已到账,"160901219824031710104004628780353653112131804	","1200129707174240317010503025402002167991	",打开拼多多，领更多现金红包
2024/3/16 19:22,商户消费,拼多多平台商户,商户单号XP2424031619201623876526005694,支出,￥6.00,零钱通,支付成功,"4200002181202403169265822679	","XP2424031619201623876526005694	",/
2024/3/16 16:01,商户消费,Valve,Steam Purchase 1282692270,支出,￥7.00,零钱通,支付成功,"4200002199202403168840450869	","S2P658091156	",/
2024/3/16 14:11,商户消费,小米商城,小米-5240316822707709,支出,￥9.99,零钱通,支付成功,"4200002199202403161242480084	","13Q321710569479389311571	",/
2024/3/16 9:26,转账,????妈妈1,转账备注:微信转账,支出,￥9.00,零钱通,对方已收钱,"53010000107090202403163034437189	","1000050001202403161426462214366	",/
2024/3/16 6:41,其他,打开拼多多，领更多现金红包,/,收入,￥0.09,/,已到账,"152278259124031610107004518827028766112131037	","1200103597703240316010103003601462084858	",打开拼多多，领更多现金红包
2024/3/15 6:28,其他,打开拼多多，领更多现金红包,/,收入,￥0.09,/,已到账,"160876228124031510104004628763421619112131965	","1200129470293240315010203054101037496480	",打开拼多多，领更多现金红包
2024/3/14 18:02,其他,打开拼多多，领更多现金红包,/,收入,￥0.02,/,已到账,"160866058824031410111004236164273913112131894	","1200129374623240314010303041800952648685	",打开拼多多，领更多现金红包
2024/3/13 12:37,其他,打开拼多多，领更多现金红包,/,收入,￥0.01,/,已到账,"160866058824031310109004135817590978112131894	","1200129374623240313010103025700465593280	",打开拼多多，领更多现金红包
2024/3/13 12:27,其他,打开拼多多，领更多现金红包,/,收入,￥0.01,/,已到账,"160876240224031310101004618109759934112131138	","1200129470344240313010403086200400275174	",打开拼多多，领更多现金红包
2024/3/13 7:58,商户消费,拼多多平台商户,商户单号XP1124031307201444305262001153,支出,￥5.43,零钱通,支付成功,"4200002189202403130255903936	","XP1124031307201444305262001153	",/
2024/3/12 0:05,其他,打开拼多多，领更多现金红包,/,收入,￥0.09,/,已到账,"152278259124031210112004648537300601112131037	","1200103597703240312010503026809836893556	",打开拼多多，领更多现金红包
2024/3/11 17:54,商户消费,书亦,长沙湘春路明德中学店-202403111754000001804732538,支出,￥16.00,零钱通,支付成功,"4200002147202403114578710290	","122235627421624031117540465050	",/
2024/3/11 0:14,其他,打开拼多多，领更多现金红包,/,收入,￥0.01,/,已到账,"160901216924031110102004125937581558112131908	","1200129707125240311010503017609411450177	",打开拼多多，领更多现金红包
2024/3/11 0:12,其他,打开拼多多，领更多现金红包,/,收入,￥0.09,/,已到账,"152190117124031110111004236138254266112131002	","1200103424739240311010203012309486167115	",打开拼多多，领更多现金红包
2024/3/10 20:54,转入零钱通-来自零钱,/,/,/,￥0.28,零钱,支付成功,"4200002156202403106202943524	","18000077742403100025531667904131	",/
2024/3/10 10:15,其他,打开拼多多，领更多现金红包,/,收入,￥0.04,/,已到账,"132335770124031010110004145963835162112131767	","1200011600761240310010303061609204539889	",打开拼多多，领更多现金红包
2024/3/9 22:39,商户消费,零食很忙,零食很忙长沙蒋家垅店-消费,支出,￥7.20,零钱通,支付成功,"4200002170202403093260956444	","60506428240690060413	",/
2024/3/9 8:51,商户消费,拼多多平台商户,商户单号XP2124030908201235944152002216,支出,￥13.80,零钱通,支付成功,"4200002147202403096391061710	","XP2124030908201235944152002216	",/
2024/3/9 7:52,其他,打开拼多多，领更多现金红包,/,收入,￥0.09,/,已到账,"160572459524030910105004637686618101112131937	","1200126558674240309010203044208695156080	",打开拼多多，领更多现金红包
2024/3/8 22:56,微信红包（单发）,发给??C周天,/,支出,￥1.80,零钱通,支付成功,"100003980124030800050123624125074131	","1000039801202403086410935814019	",/
2024/3/8 20:54,微信红包-退款,/,/,收入,￥1.80,/,已全额退款,"1000039801202403076315047844031	","	",/
2024/3/8 6:24,其他,打开拼多多，领更多现金红包,/,收入,￥0.11,/,已到账,"152190117124030810110004145948128690112131002	","1200103424739240308010503048108365255563	",打开拼多多，领更多现金红包
2024/3/7 23:21,其他,打开拼多多，领更多现金红包,/,收入,￥0.04,/,已到账,"160901214224030710102004125315329362112131919	","1200129707079240307010003029108215980180	",打开拼多多，领更多现金红包
2024/3/7 20:54,微信红包（单发）,发给??C周天,/,支出,￥1.80,零钱通,已全额退款,"100003980124030700050124317702119131	","1000039801202403076315047844031	",/
2024/3/6 19:46,转入零钱通-来自零钱,/,/,/,￥1.06,零钱,支付成功,"4200002139202403064084244995	","18000077742403060025817199975131	",/
2024/3/6 13:47,其他,打开拼多多，领更多现金红包,/,收入,￥0.02,/,已到账,"160866058824030610108004226993343806112131894	","1200129374623240306010503050507734146185	",打开拼多多，领更多现金红包
2024/3/5 6:42,其他,打开拼多多，领更多现金红包,/,收入,￥0.04,/,已到账,"126667480124030510103004116339484383112131306	","1200010502144240305010203033407098950330	",打开拼多多，领更多现金红包
2024/3/4 21:27,二维码收款,????妈妈1,收款方备注:二维码收款付款方留言:小扣扣,收入,￥1.00,零钱,已收钱,"10000499012024030400015316729107	","/	",/
2024/3/4 13:57,转入零钱通-来自零钱,/,/,/,￥150.26,零钱,支付成功,"4200002165202403043277081103	","18000077742403040025708719097131	",/
2024/3/4 13:57,转账,????妈妈1,转账备注:手机费,收入,￥150.00,/,已存入零钱,"1000050001202403041523598512552	","/	",/
2024/3/4 0:22,其他,打开拼多多，领更多现金红包,/,收入,￥0.13,/,已到账,"160893854324030410101004317064381900112131892	","1200129637529240304010403063806656667039	",打开拼多多，领更多现金红包
2024/3/3 11:57,其他,打开拼多多，领更多现金红包,/,收入,￥0.13,/,已到账,"132329130124030310104004628781862264112131264	","1200011594745240303010403006106460049935	",打开拼多多，领更多现金红包
2024/3/2 21:42,商户消费,中国电信,为13786172582充值122.0元，谨防诈骗,支出,￥121.76,零钱通,支付成功,"4200002137202403022891941909	","ZY2403022142450084911717	",/
2024/3/2 20:20,商户消费,蜜雪冰城,蜜雪冰城932127店,支出,￥10.00,零钱通,支付成功,"4200002173202403020601596549	","146324579721624030220204221359	",/
2024/3/2 15:09,商户消费,长沙地铁,长沙地铁消费,支出,￥10.00,零钱通,支付成功,"4200067702202403020969747055	","202403021508592001759503530	",/
2024/3/2 15:08,转入零钱通-来自零钱,/,/,/,￥0.18,零钱,支付成功,"4200002168202403029743146826	","18000077742403020015600768496131	",/
2024/3/2 14:51,商户消费,湘行一卡通,公交卡充值10.00元,支出,￥10.00,零钱通,支付成功,"4200002130202403023447900949	","R202403021451492628190513940	",/
2024/3/2 14:06,商户消费,湘行一卡通,公交卡充值5.00元,支出,￥5.00,零钱通,支付成功,"4200002099202403029921161509	","R202403021406009344414810647	",/
2024/3/2 0:03,其他,打开拼多多，领更多现金红包,/,收入,￥0.15,/,已到账,"160876228124030210107004515006932015112131965	","1200129470293240302010203054105784925574	",打开拼多多，领更多现金红包
2024/3/1 19:50,微信红包（单发）,发给????妈妈1,/,支出,￥59.00,零钱通,支付成功,"100003980124030100050123493149917131	","1000039801202403016064303330031	",/
2024/3/1 7:02,其他,打开拼多多，领更多现金红包,/,收入,￥0.03,/,已到账,"132329130124030110110004446498862190112131264	","1200011594745240301010403016405516782102	",打开拼多多，领更多现金红包
2024/3/1 6:51,转入零钱通-来自零钱,/,/,/,￥0.11,零钱,支付成功,"4200002162202403014509975997	","18000077742403010025695481599131	",/
2024/3/1 6:47,其他,打开拼多多，领更多现金红包,/,收入,￥0.11,/,已到账,"132335770124030110109004135330379867112131767	","1200011600761240301010503026205489472680	",打开拼多多，领更多现金红包
2024/2/29 23:29,转入零钱通-来自零钱,/,/,/,￥0.44,零钱,支付成功,"4200002078202402295068911117	","18000077742402290025594213293131	",/
2024/2/29 6:56,其他,打开拼多多，领更多现金红包,/,收入,￥0.11,/,已到账,"160876232124022910109004435323373193112131738	","1200129470310240229010002071505124292485	",打开拼多多，领更多现金红包
2024/2/28 12:34,其他,打开拼多多，领更多现金红包,/,收入,￥0.11,/,已到账,"160901219824022810102004425952937543112131804	","1200129707174240228010102021804829843963	",打开拼多多，领更多现金红包
2024/2/27 13:54,其他,打开拼多多，领更多现金红包,/,收入,￥0.11,/,已到账,"160893854324022710101004318424493781112131892	","1200129637529240227010102029004452704882	",打开拼多多，领更多现金红包
2024/2/26 6:38,其他,打开拼多多，领更多现金红包,/,收入,￥0.11,/,已到账,"160871516524022610106004245467104196112131135	","1200129426281240226010102077303900504371	",打开拼多多，领更多现金红包
2024/2/24 19:57,商户消费,MIDI 音乐,#20247184698,支出,￥5.00,零钱通,支付成功,"4200002134202402240548299802	","20247184698	",/
2024/2/24 11:17,转入零钱通-来自零钱,/,/,/,￥0.11,零钱,支付成功,"4200002080202402240820046457	","18000077742402240025676688880131	",/
2024/2/23 15:44,其他,打开拼多多，领更多现金红包,/,收入,￥0.11,/,已到账,"160876232124022310110004446453129702112131738	","1200129470310240223010002089102911538294	",打开拼多多，领更多现金红包
2024/2/23 15:31,商户消费,中国体育彩票-43010500033,"收银台,订单号：O2024022315312787459032062",支出,￥4.00,零钱通,支付成功,"4200002105202402231682899689	","BCS20240223153129UW57652513	",/
2024/2/22 15:00,转入零钱通-来自零钱,/,/,/,￥100.00,零钱,支付成功,"4200002087202402222836434712	","18000077742402220025570315460131	",/
2024/2/22 15:00,转账,????妈妈1,转账备注:2月零花钱,收入,￥100.00,/,已存入零钱,"1000050001202402223722969585316	","/	",/
2024/2/22 10:08,商户消费,零食很忙,零食很忙长沙蒋家垅店-消费,支出,￥6.20,零钱通,支付成功,"4200002084202402228914703477	","60506428240530060027	",/
2024/2/22 9:00,商户消费,湘行一卡通,公交卡充值10.00元,支出,￥10.00,零钱通,支付成功,"4200002108202402223103414714	","R202402220900435944239628033	",/
2024/2/19 21:31,转入零钱通-来自零钱,/,/,/,￥69.26,零钱,支付成功,"4200002090202402194970660181	","18000077742402190025326418783131	",/
2024/2/19 21:30,转账,????妈妈1,转账备注:微信转账,收入,￥69.00,/,已存入零钱,"1000050001202402192420425755749	","/	",/
2024/2/19 20:03,商户消费,书亦,湖南烈士公园西门店-202402192003160002401129030,支出,￥8.00,零钱通,支付成功,"4200002062202402193294381521	","122161245221624021920032302572	",/
2024/2/19 19:54,商户消费,美团,美团订单-24021911100300001301816512966785,支出,￥10.80,零钱通,支付成功,"4200002110202402198141322053	","20240219195431U70041214608601506	",/
2024/2/19 19:30,商户消费,拼多多平台商户,商户单号XP2324021919200043109602004968,支出,￥16.90,零钱通,支付成功,"4200002089202402192939728783	","XP2324021919200043109602004968	",/
2024/2/19 18:56,商户消费,小米商城,小米-5240219855317248,支出,￥69.00,零钱通,支付成功,"4200002108202402192304726181	","13Q321708340158700601849	",/
2024/2/19 8:15,其他,打开拼多多，领更多现金红包,/,收入,￥0.01,/,已到账,"160572459524021910104004625688784709112131937	","1200126558674240219010002059801206058560	",打开拼多多，领更多现金红包
2024/2/19 8:10,其他,打开拼多多，领更多现金红包,/,收入,￥0.11,/,已到账,"160866058824021910106004245921027511112131894	","1200129374623240219010202079001181189716	",打开拼多多，领更多现金红包
2024/2/19 8:05,其他,打开拼多多，领更多现金红包,/,收入,￥0.03,/,已到账,"126667480124021910106004245416627668112131306	","1200010502144240219010302070401190616790	",打开拼多多，领更多现金红包
2024/2/18 0:31,其他,打开拼多多，领更多现金红包,/,收入,￥0.11,/,已到账,"160876228124021810102004425676259132112131965	","1200129470293240218010202095800638157922	",打开拼多多，领更多现金红包
2024/2/17 20:13,商户消费,小米科技有限责任公司,小米-5240217759911461,支出,"￥3,538.00",零钱通,支付成功,"4200002095202402179207635926	","13Q321708171945258051617	",/
2024/2/17 12:31,转入零钱通-来自零钱,/,/,/,￥3.01,零钱,支付成功,"4200002067202402178827015384	","18000077742402170025325108399131	",/
2024/2/16 15:08,商户消费,Valve,Steam Purchase 1249065767,支出,￥22.50,零钱通,支付成功,"4200002104202402165996410325	","S2P642012535	",/
2024/2/16 0:21,其他,打开拼多多，领更多现金红包,/,收入,￥0.01,/,已到账,"152278259124021610106004548600188265112131037	","1200103597703240216010102093700060349018	",打开拼多多，领更多现金红包
2024/2/15 11:59,二维码收款,反方向的钟,收款方备注:二维码收款,收入,￥3.00,零钱,已收钱,"10001071012024021501810861181629	","/	",/
2024/2/15 11:47,转入零钱通-来自零钱,/,/,/,￥0.05,零钱,支付成功,"4200002059202402154194262184	","18000077742402150025449970769131	",/
2024/2/15 0:39,其他,打开拼多多，领更多现金红包,/,收入,￥0.01,/,已到账,"152190117124021510108004226753022478112131002	","1200103424739240215010302096809790031897	",打开拼多多，领更多现金红包
2024/2/14 22:21,商户消费,美团,【新疆阿凡提羊肉串大全】烤花菜（3串） ? ???????…,支出,￥86.80,零钱通,支付成功,"4200002096202402146577208170	","20240214222139U20886867354127323	",/
2024/2/14 12:36,商户消费,平台商户收单,用户余额充值UID：1707885360,支出,￥19.53,零钱通,支付成功,"4200002087202402144695135666	","2402141236026239516	",/
2024/2/14 1:01,其他,打开拼多多，领更多现金红包,/,收入,￥0.01,/,已到账,"160893854324021410101004317031590788112131892	","1200129637529240214010402032609381882836	",打开拼多多，领更多现金红包
2024/2/13 1:27,其他,打开拼多多，领更多现金红包,/,收入,￥0.01,/,已到账,"126667480124021310108004226843269585112131306	","1200010502144240213010302089509126144526	",打开拼多多，领更多现金红包
2024/2/12 20:17,扫二维码付款,福垅食品店,收款方备注:二维码收款,支出,￥9.00,零钱通,已转账,"100010710124021200056128218527394131	","10001071012024021201565306957625	",/
2024/2/12 17:57,商户消费,湘行一卡通,公交卡充值1.40元,支出,￥1.40,零钱通,支付成功,"4200002122202402120572060165	","R202402121757379550900538151	",/
2024/2/12 17:01,微信红包,V?e?v?o?,/,收入,￥0.01,/,已存入零钱,"1000039901000402126039906213716	","1000039901202402126039906213716	",/
2024/2/12 17:01,微信红包（群红包）,发出群红包,/,支出,￥0.02,零钱通,支付成功,"100003990124021200050127738028760131	","1000039901202402126039906213716	",/
2024/2/12 14:36,商户消费,珊珊,长沙凯源珊珊商贸连锁管理有限公司-消费,支出,￥11.50,零钱通,支付成功,"4200066300202402122014098315	","0137240212143658	",/
2024/2/12 14:05,商户消费,湘行一卡通,公交卡充值5.00元,支出,￥5.00,零钱通,支付成功,"4200002105202402127703772992	","R202402121405451475420284623	",/
2024/2/12 0:10,其他,打开拼多多，领更多现金红包,/,收入,￥0.01,/,已到账,"160876232124021210108004526636984585112131738	","1200129470310240212010402026808864186992	",打开拼多多，领更多现金红包
2024/2/11 21:18,转入零钱通-来自零钱,/,/,/,￥800.01,零钱,支付成功,"4200002081202402116735107613	","18000077742402110025539687447131	",/
2024/2/11 21:18,转账,????妈妈1,转账备注:微信转账,收入,￥800.00,/,已存入零钱,"1000050001202402111320997320147	","/	",/
2024/2/11 16:11,商户消费,Valve,Steam Purchase 1242187837,支出,￥22.80,零钱通,支付成功,"4200002122202402118330827766	","S2P638242286	",/
2024/2/11 8:47,其他,打开拼多多，领更多现金红包,/,收入,￥0.01,/,已到账,"160893854324021110102004126038719414112131892	","1200129637529240211010002030108718669773	",打开拼多多，领更多现金红包
2024/2/10 13:20,商户消费,肯德基,KFC_PRE_PLUSWX10012331441375558324719,支出,￥21.00,零钱通,支付成功,"4200002062202402108900404835	","WX10012331441375558324719	",/
2024/2/10 1:14,转入零钱通-来自零钱,/,/,/,￥1.00,零钱,支付成功,"4200002069202402108913930156	","18000077742402100025533927711131	",/
2024/2/10 1:12,微信红包（单发）,发给是小白夜的信徒,/,支出,￥1.00,零钱,支付成功,"100003980124021000050124362615703131	","1000039801202402106134173595979	",/
2024/2/10 1:11,微信红包,是小白夜的信徒,/,收入,￥2.00,/,已存入零钱,"1000039801000402107010672010014	","1000039801202402107010672010014	",/
2024/2/9 19:40,转入零钱通-来自零钱,/,/,/,￥400.00,零钱,支付成功,"4200002079202402090744623923	","18000077742402090025433053580131	",/
2024/2/9 19:40,转账,????村 长??,转账备注:微信转账,收入,￥400.00,/,已存入零钱,"1000050001202402091525323744302	","/	",/
2024/2/9 19:08,转入零钱通-来自零钱,/,/,/,￥0.03,零钱,支付成功,"4200002066202402098125983080	","18000077742402090025732911612131	",/
2024/2/9 19:01,二维码收款,柒,收款方备注:二维码收款,收入,￥0.03,零钱,已收钱,"10000499012024020900873280977071	","/	",/
2024/2/9 15:13,转入零钱通-来自零钱,/,/,/,￥31.71,零钱,支付成功,"4200002086202402095576541813	","18000077742402090025632052920131	",/
2024/2/9 15:12,转账,????妈妈1,转账备注:微信转账,收入,￥18.00,/,已存入零钱,"1000050001202402091227549405287	","/	",/
2024/2/9 15:10,商户消费,肯德基,KFC_PREWX10012331106082871390556,支出,￥18.00,零钱通,支付成功,"4200002056202402097161307893	","WX10012331106082871390556	",/
2024/2/9 10:55,扫二维码付款,柒,收款方备注:二维码收款,支出,￥0.01,零钱,已转账,"100010710124020900056127710513016131	","10001071012024020901049636890561	",/
2024/2/9 10:53,微信红包,CECI??,/,收入,￥13.72,/,已存入零钱,"1000039801000402097145489760566	","1000039801202402097145489760566	",/
2024/2/9 10:43,转入零钱通-来自零钱,/,/,/,￥17.54,零钱,支付成功,"4200002072202402097156544544	","18000077742402090025631044343131	",/
2024/2/9 10:42,微信红包,V?e?v?o?,/,收入,￥0.61,/,已存入零钱,"1000039801009402096347795490995	","1000039801202402096347795490995	",/
2024/2/9 10:42,微信红包（群红包）,发出群红包,/,支出,￥40.00,零钱,支付成功,"100003980124020900050123560692233131	","1000039801202402096347795490995	",/
2024/2/9 10:41,微信红包,涛声依旧,/,收入,￥2.22,/,已存入零钱,"1000039801002402096424757740143	","1000039801202402096424757740143	",/
2024/2/9 10:40,微信红包,燕,/,收入,￥11.64,/,已存入零钱,"1000039801000402096278927184114	","1000039801202402096278927184114	",/
2024/2/9 10:40,微信红包,淡咖啡,/,收入,￥5.66,/,已存入零钱,"1000039801004402097369153762641	","1000039801202402097369153762641	",/
2024/2/9 10:38,微信红包,宸心宸奕,/,收入,￥3.95,/,已存入零钱,"1000039801004402096211013659750	","1000039801202402096211013659750	",/
2024/2/9 10:37,微信红包,袁文,/,收入,￥11.81,/,已存入零钱,"1000039801001402096391298646924	","1000039801202402096391298646924	",/
2024/2/9 10:36,微信红包,????sissl??,/,收入,￥2.25,/,已存入零钱,"1000039801000402096111545144678	","1000039801202402096111545144678	",/
2024/2/9 10:35,微信红包,????妈妈1,/,收入,￥13.30,/,已存入零钱,"1000039801004402097048916054682	","1000039801202402097048916054682	",/
2024/2/9 10:34,微信红包,????卡叮媛,/,收入,￥6.10,/,已存入零钱,"1000039801008402096320742211994	","1000039801202402096320742211994	",/
2024/2/9 7:57,转入零钱通-来自零钱,/,/,/,￥0.11,零钱,支付成功,"4200002078202402090904090009	","18000077742402090025529340387131	",/
2024/2/9 0:42,其他,打开拼多多，领更多现金红包,/,收入,￥0.11,/,已到账,"160901214224020910101004318003815824112131919	","1200129707079240209010202070807973119383	",打开拼多多，领更多现金红包
2024/2/8 1:05,转入零钱通-来自零钱,/,/,/,￥0.18,零钱,支付成功,"4200002076202402086526602642	","18000077742402080025525199508131	",/
2024/2/8 1:04,其他,打开拼多多，领更多现金红包,/,收入,￥0.08,/,已到账,"160876236724020810107004515763382247112131549	","1200129470324240208010502091807687487771	",打开拼多多，领更多现金红包
2024/2/7 23:18,其他,打开拼多多，领更多现金红包,/,收入,￥0.01,/,已到账,"132335770124020710101004316208123789112131767	","1200011600761240207010002050907731193879	",打开拼多多，领更多现金红包
2024/2/7 23:14,其他,打开拼多多，领更多现金红包,/,收入,￥0.01,/,已到账,"152190117124020710107004218883678366112131002	","1200103424739240207010302028307678940754	",打开拼多多，领更多现金红包
2024/2/7 23:14,其他,打开拼多多，领更多现金红包,/,收入,￥0.01,/,已到账,"160876236724020710102004425620119813112131549	","1200129470324240207010202093807744155090	",打开拼多多，领更多现金红包
2024/2/7 23:11,其他,打开拼多多，领更多现金红包,/,收入,￥0.01,/,已到账,"160893851224020710101004318098012483112131983	","1200129637517240207010102047907725273721	",打开拼多多，领更多现金红包
2024/2/7 23:10,其他,打开拼多多，领更多现金红包,/,收入,￥0.01,/,已到账,"160876236724020710108004526516781084112131549	","1200129470324240207010502000807732366488	",打开拼多多，领更多现金红包
2024/2/7 23:07,其他,打开拼多多，领更多现金红包,/,收入,￥0.01,/,已到账,"160893851224020710112004345561392253112131983	","1200129637517240207010202027207701435787	",打开拼多多，领更多现金红包
2024/2/7 23:07,其他,打开拼多多，领更多现金红包,/,收入,￥0.01,/,已到账,"160893854324020710108004226716241179112131892	","1200129637529240207010002001407681309311	",打开拼多多，领更多现金红包
2024/2/7 11:38,其他,打开拼多多，领更多现金红包,/,收入,￥0.03,/,已到账,"160865847824020710101004318496065642112131125	","1200129372608240207010302071107591989178	",打开拼多多，领更多现金红包
2024/2/6 13:43,商户消费,MIDI 音乐,#20244259976,支出,￥5.00,零钱通,支付成功,"4200002108202402068680169220	","20244259976	",/
2024/2/6 0:46,转入零钱通-来自零钱,/,/,/,￥0.11,零钱,支付成功,"4200002080202402063356611464	","18000077742402060025818041874131	",/
2024/2/6 0:45,其他,打开拼多多，领更多现金红包,/,收入,￥0.11,/,已到账,"160876236724020610107004515051670277112131549	","1200129470324240206010002019107027496271	",打开拼多多，领更多现金红包
2024/2/5 9:08,转入零钱通-来自零钱,/,/,/,￥0.18,零钱,支付成功,"4200002065202402059341230135	","18000077742402050025715765116131	",/
2024/2/5 0:17,其他,打开拼多多，领更多现金红包,/,收入,￥0.13,/,已到账,"152190117124020510112004345543697469112131002	","1200103424739240205010502093306693253480	",打开拼多多，领更多现金红包
2024/2/4 17:25,其他,打开拼多多，领更多现金红包,/,收入,￥0.05,/,已到账,"132329130124020410107004518864065696112131264	","1200011594745240204010202070006548756339	",打开拼多多，领更多现金红包
2024/2/4 14:28,商户消费,丑丑杂货铺,长沙市开福区辰雨欣日杂百货店,支出,￥10.00,零钱通,支付成功,"4200002088202402040258550503	","190104041378000512402040055782	",/
2024/2/4 14:25,转入零钱通-来自零钱,/,/,/,￥15.11,零钱,支付成功,"4200002087202402046991549010	","18000077742402040025812846449131	",/
2024/2/4 14:25,转账,????妈妈1,转账备注:微信转账,收入,￥15.00,/,已存入零钱,"1000050001202402040520076409446	","/	",/
2024/2/4 14:13,商户消费,零食很忙,零食很忙长沙蒋家垅店-消费,支出,￥9.50,零钱通,支付成功,"4200002070202402046230384067	","60506428240350060081	",/
2024/2/4 14:12,扫二维码付款,福垅食品店,收款方备注:二维码收款,支出,￥5.00,零钱通,已转账,"100010710124020400056128091983939131	","10001071012024020401020196660530	",/
2024/2/3 0:33,其他,打开拼多多，领更多现金红包,/,收入,￥0.11,/,已到账,"160572459524020310112004645329690371112131937	","1200126558674240203010302011805946943343	",打开拼多多，领更多现金红包
2024/2/1 23:59,转入零钱通-来自零钱,/,/,/,￥0.06,零钱,支付成功,"4200002082202402011012388844	","18000077742402010025315393380131	",/
2024/2/1 9:40,其他,打开拼多多，领更多现金红包,/,收入,￥0.06,/,已到账,"160865847824020110108004226972897943112131125	","1200129372608240201010102032905260231643	",打开拼多多，领更多现金红包
2024/1/31 16:59,商户消费,小米科技有限责任公司,小米-5240131188313108,支出,￥116.10,零钱通,支付成功,"4200002137202401311879362359	","13Q321706691535602200188	",/
2024/1/31 16:17,商户消费,湘行一卡通,公交卡充值1.40元,支出,￥1.40,零钱通,支付成功,"4200002095202401315038867395	","R202401311617166454516698598	",/
2024/1/31 16:17,商户消费,湘行一卡通,公交卡充值1.40元,支出,￥1.40,零钱通,支付成功,"4200002109202401314253017769	","R202401311617034896055124648	",/
2024/1/31 11:22,微信红包（单发）,发给????妈妈1,/,支出,￥8.80,零钱通,支付成功,"100003980124013100050123450219808131	","1000039801202401316072537237571	",/
2024/1/31 11:22,微信红包（单发）,发给????妈妈1,/,支出,￥8.80,零钱通,支付成功,"100003980124013100050123450219700131	","1000039801202401316269632765793	",/
2024/1/31 10:24,转入零钱通-来自零钱,/,/,/,￥28.00,零钱,支付成功,"4200002070202401318184425295	","18000077742401310025799374751131	",/
2024/1/31 10:24,转账,????妈妈1,转账备注:微信转账,收入,￥28.00,/,已存入零钱,"1000050001202401311722343991386	","/	",/
2024/1/31 10:23,转入零钱通-来自零钱,/,/,/,"￥2,100.00",零钱,支付成功,"4200002089202401311237348393	","18000077742401310025314347699131	",/
2024/1/31 10:23,转账,????妈妈1,转账备注:微信转账,收入,"￥2,100.00",/,已存入零钱,"1000050001202401310321697393634	","/	",/
2024/1/31 10:22,转入零钱通-来自零钱,/,/,/,￥0.08,零钱,支付成功,"4200002075202401314705499350	","18000077742401310025699339445131	",/
2024/1/31 10:21,商户消费,湖北特产武汉江汉路店,湖北特产武汉江汉路C出口店,支出,￥56.00,零钱通,支付成功,"4200067706202401317071722708	","7895229284516488	",/
2024/1/31 10:21,其他,打开拼多多，领更多现金红包,/,收入,￥0.08,/,已到账,"160574585024013110108004226566378592112131702	","1200126579090240131010101076304752878157	",打开拼多多，领更多现金红包
2024/1/30 10:41,转入零钱通-来自零钱,/,/,/,￥0.09,零钱,支付成功,"4200002090202401306388430411	","18000077742401300025313816309131	",/
2024/1/30 1:09,其他,打开拼多多，领更多现金红包,/,收入,￥0.09,/,已到账,"152190117124013010112004345501286812112131002	","1200103424739240130010001054604177130545	",打开拼多多，领更多现金红包
2024/1/29 16:15,转账,????妈妈1,转账备注:微信转账,支出,"￥2,100.00",零钱通,对方已收钱,"53010000202033202401291778555784	","1000050001202401293728224725387	",/
2024/1/29 10:56,商户消费,湘行一卡通,公交卡充值5.00元,支出,￥5.00,零钱通,支付成功,"4200002122202401290624649222	","R202401291056137657478117919	",/
2024/1/29 9:10,转入零钱通-来自零钱,/,/,/,￥390.09,零钱,支付成功,"4200002062202401296047310077	","18000077742401290025891699051131	",/
2024/1/29 9:10,转账,????妈妈1,转账备注:微信转账,收入,￥390.00,/,已存入零钱,"1000050001202401290028085604605	","/	",/
2024/1/29 8:27,其他,打开拼多多，领更多现金红包,/,收入,￥0.09,/,已到账,"160901214224012910112004345596010314112131919	","1200129707079240129010001098303853269515	",打开拼多多，领更多现金红包
2024/1/28 10:53,转入零钱通-来自零钱,/,/,/,￥0.26,零钱,支付成功,"4200002084202401289296036062	","18000077742401280025689599518131	",/
2024/1/28 8:54,其他,打开拼多多，领更多现金红包,/,收入,￥0.15,/,已到账,"160876236724012810104004628754758453112131549	","1200129470324240128010301098303515522486	",打开拼多多，领更多现金红包
2024/1/27 6:38,其他,打开拼多多，领更多现金红包,/,收入,￥0.11,/,已到账,"160865847824012710107004218803462340112131125	","1200129372608240127010101072103050172491	",打开拼多多，领更多现金红包
2024/1/26 15:42,转入零钱通-来自零钱,/,/,/,￥0.77,零钱,支付成功,"4200002069202401261110867016	","18000077742401260025582981624131	",/
2024/1/26 6:09,其他,打开拼多多，领更多现金红包,/,收入,￥0.16,/,已到账,"152190117124012610112004346573470830112131002	","1200103424739240126010301081102652766401	",打开拼多多，领更多现金红包
2024/1/25 6:49,其他,打开拼多多，领更多现金红包,/,收入,￥0.14,/,已到账,"160901216924012510105004337184407739112131908	","1200129707125240125010201051902212830115	",打开拼多多，领更多现金红包
2024/1/24 6:43,其他,打开拼多多，领更多现金红包,/,收入,￥0.16,/,已到账,"160901216924012410101004316202909011112131908	","1200129707125240124010401049401821698836	",打开拼多多，领更多现金红包
2024/1/23 20:34,其他,打开拼多多，领更多现金红包,/,收入,￥0.03,/,已到账,"160901214224012310106004245044694682112131919	","1200129707079240123010301047401645376278	",打开拼多多，领更多现金红包
2024/1/23 16:27,其他,打开拼多多，领更多现金红包,/,收入,￥0.15,/,已到账,"160893854324012310112004346556764325112131892	","1200129637529240123010501085101637378997	",打开拼多多，领更多现金红包
2024/1/22 13:24,其他,打开拼多多，领更多现金红包,/,收入,￥0.13,/,已到账,"152206076124012210101004616291469523112131185	","1200103427148240122010101017701097023914	",打开拼多多，领更多现金红包
2024/1/22 7:57,转入零钱通-来自零钱,/,/,/,￥20.38,零钱,支付成功,"4200002084202401221825114808	","18000077742401220025470712606131	",/
2024/1/22 7:56,转账,????妈妈1,转账备注:微信转账,收入,￥20.00,/,已存入零钱,"1000050001202401222329735007081	","/	",/
2024/1/22 7:53,商户消费,湘行一卡通,公交卡充值10.00元,支出,￥10.00,零钱通,支付成功,"4200002126202401227322036575	","R202401220753089028186124790	",/
2024/1/21 15:07,其他,打开拼多多，领更多现金红包,/,收入,￥0.11,/,已到账,"160876232124012110101004616284741053112131738	","1200129470310240121010201008000741689306	",打开拼多多，领更多现金红包
2024/1/19 21:47,其他,打开拼多多，领更多现金红包,/,收入,￥0.13,/,已到账,"160866058824011910106004245920897625112131894	","1200129374623240119010401092700109286087	",打开拼多多，领更多现金红包
2024/1/18 19:44,其他,打开拼多多，领更多现金红包,/,收入,￥0.01,/,已到账,"160893851224011810108004226579957132112131983	","1200129637517240118010201075809719025973	",打开拼多多，领更多现金红包
2024/1/18 19:36,其他,打开拼多多，领更多现金红包,/,收入,￥0.13,/,已到账,"152278259124011810106004546164800543112131037	","1200103597703240118010401004409699849746	",打开拼多多，领更多现金红包
2024/1/17 17:48,商户消费,Valve,Steam Purchase 1213962788,支出,￥42.00,零钱通,支付成功,"4200002121202401179426779438	","S2P624449005	",/
2024/1/17 17:22,转入零钱通-来自零钱,/,/,/,￥100.00,零钱,支付成功,"4200002070202401171163537741	","18000077742401170025757009638131	",/
2024/1/17 17:22,转账,????妈妈1,转账备注:微信转账,收入,￥100.00,/,已存入零钱,"1000050001202401170320638666257	","/	",/
2024/1/17 16:57,转入零钱通-来自零钱,/,/,/,￥26.37,零钱,支付成功,"4200002067202401179255459110	","18000077742401170025756913239131	",/
2024/1/17 16:57,转账,????妈妈1,转账备注:微信转账,收入,￥26.05,/,已存入零钱,"1000050001202401170229520414765	","/	",/
2024/1/17 16:55,其他,打开拼多多，领更多现金红包,/,收入,￥0.01,/,已到账,"132329130124011710110004448380080633112131264	","1200011594745240117010501000109180011478	",打开拼多多，领更多现金红包
2024/1/17 16:55,其他,打开拼多多，领更多现金红包,/,收入,￥0.01,/,已到账,"152206076124011710105004638332253558112131185	","1200103427148240117010501080509171029150	",打开拼多多，领更多现金红包
2024/1/17 16:54,其他,打开拼多多，领更多现金红包,/,收入,￥0.01,/,已到账,"152206076124011710101004618047431233112131185	","1200103427148240117010001087309160870614	",打开拼多多，领更多现金红包
2024/1/17 16:54,其他,打开拼多多，领更多现金红包,/,收入,￥0.01,/,已到账,"160865847824011710106004245001445491112131125	","1200129372608240117010401020609141697549	",打开拼多多，领更多现金红包
2024/1/17 16:53,其他,打开拼多多，领更多现金红包,/,收入,￥0.13,/,已到账,"160893862324011710111004536687008768112131807	","1200129637614240117010401012709133369390	",打开拼多多，领更多现金红包
2024/1/17 11:43,中铁网络-退款,中铁网络,中铁网络,收入,￥67.00,零钱通,已全额退款,"50303108382024011723368115637	","	",/
2024/1/17 11:39,商户消费,中铁网络,12306消费,支出,￥67.00,零钱通,已全额退款,"4200002056202401174292258627	","M20240117257470538	",/
2024/1/17 11:16,商户消费,零食很忙,零食很忙长沙蒋家垅店-消费,支出,￥26.05,零钱通,支付成功,"4200002073202401178265489542	","60506428240170060032	",/
2024/1/15 12:44,商户消费,滴滴出行,滴滴打车-向师傅,支出,￥11.20,零钱通,支付成功,"4200002058202401153890676080	","105_202401157969673601183701	",/
2024/1/14 9:42,其他,打开拼多多，点击底部"多多视频"领现金,/,收入,￥0.01,/,已到账,"160871516524011410103004115149195161112131135	","1200129426281240114010301047307830057175	",打开拼多多，点击底部"多多视频"领现金
2024/1/14 9:41,其他,打开拼多多，点击底部"多多视频",/,收入,￥0.14,/,已到账,"160876228124011410111004535064781382112131965	","1200129470293240114010101022807837099055	",打开拼多多，点击底部"多多视频"
2024/1/13 15:26,转入零钱通-来自零钱,/,/,/,￥37.50,零钱,支付成功,"4200002090202401134213080586	","18000077742401130025542191154131	",/
2024/1/13 15:25,转账,????妈妈1,转账备注:微信转账,收入,￥37.50,/,已存入零钱,"1000050001202401130821780576075	","/	",/
2024/1/13 15:22,商户消费,零食很忙,零食很忙长沙蒋家垅店-消费,支出,￥37.50,零钱通,支付成功,"4200066296202401135346402150	","60506428240130060189B	",/
2024/1/12 19:16,转入零钱通-来自零钱,/,/,/,￥0.09,零钱,支付成功,"4200002076202401126658090075	","18000077742401120025305544834131	",/
2024/1/12 19:15,其他,打开拼多多，点击底部"多多视频"领现金,/,收入,￥0.01,/,已到账,"152190117124011210110004146079173713112131002	","1200103424739240112010401061007137627791	",打开拼多多，点击底部"多多视频"领现金
2024/1/12 19:15,其他,打开拼多多，点击底部"多多视频",/,收入,￥0.08,/,已到账,"160866058824011210103004115837275165112131894	","1200129374623240112010001098307118814052	",打开拼多多，点击底部"多多视频"
2024/1/12 19:14,扫二维码付款,福垅食品店,收款方备注:二维码收款,支出,￥3.00,零钱通,已转账,"100004990124011200056124518369361131	","10000499012024011201614664234607	",/
2024/1/12 19:07,转账,????妈妈1,转账备注:微信转账,支出,￥50.00,零钱通,对方已收钱,"53010000178052202401123160443027	","1000050001202401120227377293501	",/
2024/1/12 13:42,商户消费,拼多多平台商户,商户单号XP1524011213200415436561001717,支出,￥9.90,零钱通,支付成功,"4200002116202401126863317761	","XP1524011213200415436561001717	",/
2024/1/12 13:18,转入零钱通-来自零钱,/,/,/,￥3.00,零钱,支付成功,"4200002074202401121237025558	","18000077742401120025838709709131	",/
2024/1/12 13:16,二维码收款,遨游命运的影子,收款方备注:二维码收款,收入,￥3.00,零钱,已收钱,"10001071012024011201060810963523	","/	",/
2024/1/11 21:59,转入零钱通-来自零钱,/,/,/,￥0.01,零钱,支付成功,"4200002084202401113122549741	","18000077742401110025837114797131	",/
2024/1/11 21:59,其他,打开拼多多，点击底部"多多视频",/,收入,￥0.01,/,已到账,"160574585024011110102004125226372200112131702	","1200126579090240111010301055606795427575	",打开拼多多，点击底部"多多视频"
2024/1/11 21:39,转入零钱通-来自零钱,/,/,/,￥0.19,零钱,支付成功,"4200002070202401119023928960	","18000077742401110025837064219131	",/
2024/1/11 21:26,其他,打开拼多多，点击底部"多多视频"领现金,/,收入,￥0.01,/,已到账,"160572459524011110111004535546356139112131937	","1200126558674240111010501057306732641319	",打开拼多多，点击底部"多多视频"领现金
2024/1/11 21:26,其他,打开拼多多，点击底部"多多视频",/,收入,￥0.03,/,已到账,"160893862324011110101004618004701197112131807	","1200129637614240111010401046606772850302	",打开拼多多，点击底部"多多视频"
2024/1/11 21:26,其他,打开拼多多，点击底部"多多视频",/,收入,￥0.02,/,已到账,"160901214224011110112004345576939088112131919	","1200129707079240111010101031906808415249	",打开拼多多，点击底部"多多视频"
2024/1/11 21:26,其他,打开拼多多，点击底部"多多视频",/,收入,￥0.13,/,已到账,"160901214224011110101004318180385120112131919	","1200129707079240111010201010406781194378	",打开拼多多，点击底部"多多视频"
2024/1/11 21:25,转入零钱通-来自零钱,/,/,/,￥0.05,零钱,支付成功,"4200002079202401116053248658	","18000077742401110025737964300131	",/
2024/1/11 19:07,扫二维码付款,蒋家垅照相,收款方备注:二维码收款,支出,￥7.00,零钱通,已转账,"100004990124011100056123315073544131	","10000499012024011101356952827539	",/
2024/1/9 19:04,其他,打开拼多多，点击底部"多多视频"进入直播间领现金,/,收入,￥0.02,/,已到账,"160901219824010910104004625624641484112131804	","1200129707174240109010501091105750388429	",打开拼多多，点击底部"多多视频"进入直播间领现金
2024/1/9 19:04,其他,红包助手，现金天天有,/,收入,￥0.03,/,已到账,"160574585024010910107004218557313186112131702	","1200126579090240109010501022305735013836	",红包助手，现金天天有
2024/1/5 17:33,转入零钱通-来自零钱,/,/,/,￥245.00,零钱,支付成功,"4200002063202401058606809227	","18000077742401050025816259996131	",/
2024/1/5 17:33,转账,????妈妈1,转账备注:微信转账,收入,￥245.00,/,已存入零钱,"1000050001202401050821440530870	","/	",/
2024/1/5 17:00,商户消费,零食很忙,零食很忙长沙蒋家垅店-消费,支出,￥32.53,零钱通,支付成功,"4200066298202401051770472658	","60506428240050060157	",/
2024/1/5 16:31,商户消费,中国电信,为13786172582充值211.0元，谨防诈骗,支出,￥209.95,零钱通,支付成功,"4200002094202401058991406694	","ZY2401051631210070169719	",/
2024/1/5 9:39,转入零钱通-来自零钱,/,/,/,￥3.06,零钱,支付成功,"4200002074202401059569844341	","18000077742401050025615531105131	",/
2024/1/5 8:46,微信红包-退款,/,/,收入,￥3.06,零钱,已退款￥3.06,"1000039901202401046043459390205	","	",/
2024/1/4 9:29,转入零钱通-来自零钱,/,/,/,￥12.52,零钱,支付成功,"4200002073202401047813853371	","18000077742401040025412037379131	",/
2024/1/4 9:28,微信红包,燕,/,收入,￥9.48,/,已存入零钱,"1000039901009401046232961759638	","1000039901202401046232961759638	",/
2024/1/4 9:28,微信红包,宸心宸奕,/,收入,￥3.04,/,已存入零钱,"1000039901007401046390364701541	","1000039901202401046390364701541	",/
2024/1/4 8:46,转入零钱通-来自零钱,/,/,/,￥24.99,零钱,支付成功,"4200002071202401045148791374	","18000077742401040025612047007131	",/
2024/1/4 8:46,微信红包（群红包）,发出群红包,/,支出,￥20.00,零钱,已退款(￥3.06),"100003990124010400050127090643239131	","1000039901202401046043459390205	",/
2024/1/4 8:45,微信红包,JING世骇俗,/,收入,￥2.74,/,已存入零钱,"1000039901009401047356297766467	","1000039901202401047356297766467	",/
2024/1/4 8:45,微信红包,管管,/,收入,￥0.96,/,已存入零钱,"1000039901009401047135425119186	","1000039901202401047135425119186	",/
2024/1/4 8:45,微信红包,CECI??,/,收入,￥12.48,/,已存入零钱,"1000039901010401047417789704502	","1000039901202401047417789704502	",/
2024/1/4 8:45,微信红包,晓红,/,收入,￥0.84,/,已存入零钱,"1000039901011401036215525397900	","1000039901202401036215525397900	",/
2024/1/4 8:45,微信红包,黄波涛,/,收入,￥10.10,/,已存入零钱,"1000039901011401036328048734144	","1000039901202401036328048734144	",/
2024/1/4 8:45,微信红包,星沙之馨,/,收入,￥17.87,/,已存入零钱,"1000039901011401037287922347041	","1000039901202401037287922347041	",/
